center_name,email,city
Tutoring | S.R.I. Academic Services | Houston,sri.iyengar@sriacademicservices.com,Houston
"25 Highest Rated Tutors Near Houston, TX - Wyzant",slim-select@v2.9.0,Houston
Find a Tutor in Houston | At-Home Tutoring Services,info@athometutoringservices.com,Houston
"Tutoring in Houston, TX | Hire tutors in Houston Now",79517471c5ed47c0862525ae5f17a467@o4504849717526528.ingest.sentry.io,Houston
"Best Tutors Near Me in Houston, TX - In-home & Online tutoring",contact@tutorax.com,Houston
"25 Highest Rated Tutors Near Dallas, TX - Wyzant",slim-select@v2.9.0,Dallas
"Tutoring in Dallas, TX | Hire tutors in Dallas Now",79517471c5ed47c0862525ae5f17a467@o4504849717526528.ingest.sentry.io,Dallas
"Best Tutors Near Me in Dallas, TX - In-home & Online tutoring",contact@tutorax.com,Dallas
"K-12 Tutors In Dallas, TX | Grade Potential",questions@gradepotential.com,Dallas
Mathnasium,northokc@mathnasium.com,Oklahoma City
Study Hub Mustang/Yukon,mustang@studyhubtutoring.com,Oklahoma City
Kumon Math and Reading Center of Oklahoma City - North,okcnorth@ikumon.com,Oklahoma City
Land Run Learning,landrunlearning@gmail.com,Oklahoma City
Kumon Math and Reading Center of Oklahoma City - South,manjuk@ikumon.com,Oklahoma City
Tutor Doctor North Oklahoma City,Kwhitlow@tutordoctor.com,Oklahoma City
The Study Hub,choctawstudyhub@gmail.com,Oklahoma City
"Advance Tutoring, LLC",advancetutoringchicago@gmail.com,"[['Chicago', 'San Francisco'], ['Los Angeles', 'Austin'], ['El Paso']]"
The Innovative Learners,contact@theinnovativelearners.com,"[['Chicago', 'San Francisco'], ['Los Angeles', 'Austin'], ['El Paso']]"
NJ Tutors,njtutors@njtutors.net,New Jersey
The Tutor Shack,info@tutorshack.com,New Jersey
PMTutoring,user@domain.com.,New Jersey
MST Tutoring,office@msttutoring.com,New Jersey
Booked And Busy Tutoring LLC,bookedandbusytutoring@gmail.com,New Jersey
Solution Prep,Questions@SolutionPrep.com,New Jersey
Mr. SAT - SAT/ACT Tutor,info@mister-sat.com,New Jersey
Tutor Doctor of North Jersey,jbush@tutordoctor.com,New Jersey
Your Friendly Math Tutor,info@yourfriendlymathtutor.com,New Jersey
"The Tutoring Center - Round Rock, TX",youremail@domain.com,Austin
Collegewise - Austin,info@collegewise.com,Austin
The Core Edge Prep,info@thecoreedgeprep.com,Austin
Love the SAT!,Help@LovetheSAT.com,Austin
JB Tutoring,contact@jbtutoring.com,Austin
The Algebra Man,intl-segmenter@11.7.10,Austin
"Victory Prep Tutors - SAT PSAT ACT ISEE GMAT GRE PSAT Academic DFW Southlake, Frisco, Dallas",solutions@victorysteponline.com,Austin
Berkeley2 Academy,austin@b2aprep.com,Austin
"Club Z! In-Home and Online Tutoring Of Greater Austin, TX",bootstrap@4.6.2,Austin
Austin Learning Center,popper.js@1.16.0,Austin
Tutor Doctor South Austin,fharvey@tutordoctor.com,Austin
99Tutors.com - Austin Regional Office,info@99tutors.com,Austin
Austin Area Tutor Online LLC,jlberk@austinareatutoronline.com,Austin
Kastner Hill Learning,bootstrap-icons@1.11.3,Austin
At-Home Tutoring Services - Austin,info@athometutoringservices.com,Austin
Advantage Testing of Austin,pc@advantage-austin.com,Austin
"Club Z! In-Home & Online Tutoring of Round Rock,TX",bootstrap@4.6.2,Austin
"Liddane Tutoring & Learning Services, LLC",info@liddanetutoring.com,Seattle
University Tutoring,info@universitytutoring.com,Seattle
Seattle Tutoring Services,schuyler@tutoringservicesseattle.com,Seattle
Northwest Educational Services,greg@nwtutoring.com,Seattle
Hampton Tutors,user@domain.com.,Seattle
Hack Your Course AP and IB Tutoring Service,info@hackyourcourse.com,Seattle
Write Seattle,info@writeseattle.com,Seattle
Kids With An Edge Tutoring,info@kidswithanedge.com,Seattle
Mathnasium,northeastseattle@mathnasium.com,Seattle
Emergent Education Seattle Tutoring & Test Prep,info@emergenttutoring.com.,Seattle
West Seattle Tutoring and Test Prep,adriaridolfi@gmail.com,Seattle
Firefly Tutoring,intl-segmenter@11.7.10,Seattle
West Seattle Tutoring,cmstripinis@gmail.com,Seattle
I Will Academy,codyfriedrich@iwillacademy.org,Tulsa
Tutor Doctor Tulsa,skaneria@tutordoctor.com,Tulsa
Blosch Tutoring,user@domain.com.,Tulsa
Mathnasium,southtulsa@mathnasium.com,Tulsa
Lavender's Bleu Reading Tutoring Center,dr.mindy@lbliteracymarket.com,Tulsa
Tulsa Mentor & Tutoring,julieanndill@gmail.com,Tulsa
Kumon Math and Reading Center of Tulsa - South Central,tulsasouthcentral_ok@ikumon.com,Tulsa
Global Learning Center,parents@oru.edu,Tulsa
Bright Educational Tutoring Services,personalpinnacle4all@gmail.com,Tulsa
Reading Partners Tulsa,volunteerTUL@readingpartners.org,Tulsa
Kumon Math and Reading Center of Tulsa - South,louhofmeister@ikumon.com,Tulsa
"The Ryan Institute, LLC",info@LearnWithRyan.com,Baltimore
Odyssey LSAT Tutoring,info@odysseytestprep.com,Baltimore
Mathnasium,towson@mathnasium.com,Baltimore
Reading Partners Mid-Atlantic,volunteerDC@readingpartners.org,Baltimore
Summa Tutoring,summatutoring@gmail.com,Baltimore
Dyslexia Tutoring Program Inc,info@dyslexiatutoringprogram.org,Baltimore
Your Teacher Tutors,gsap@3.12.2,Baltimore
ACG Math Tutoring,acgmathtutoring@gmail.com,Baltimore
Odin Wise Tutoring,bootstrap@5.1.3,Baltimore
Priority Academic Tutoring,priorityacademictutoring@gmail.com,Baltimore
Capes Connect,info@capesconnect.com,Baltimore
"Club Z! In-Home & Online Tutoring of Baltimore, MD",bootstrap@4.6.2,Baltimore
Concentric Educational Solutions,info@concentriced.org,Baltimore
Club Z! Tutoring of San Antonio,ClubZSanAntonio@gmail.com,San Antonio
Splendid Tutoring,Info@splendidtutoring.com,San Antonio
Mathnasium,stoneoak@mathnasium.com,San Antonio
"Prep Academy Tutors of San Antonio, Texas",hello@prepacademytutors.com,San Antonio
Wilkinson Tutoring,WilkinsonTutoring@gmail.com,San Antonio
Test Geek SAT & ACT Prep,info@testgeek.com,San Antonio
On Point Tutoring,opt@optutoring.com,Miami
Tutor Me Education - Miami Tutors,bootstrap@5.3.3,Miami
The Sunshine Method,info@thesunshinemethod.com,Miami
Math Tutor Miami,soyon@bellsouth.net,Miami
Gables Tutoring,info@gablestutoring.com,Miami
Mathnasium,coconutgrove@mathnasium.com,Miami
Target Tutoring,william@target-tutoring.com,Miami
SoFlo SAT Tutoring,adam@soflotutors.com,Miami
Miami Learning Center,info@mlcprepacademy.com,Miami
Ibis Prep,intl-segmenter@11.7.10,Miami
Amigos Tutoring Doral,amigostutoringfamilyfitness@gmail.com,Miami
JC Academy | Language & Academic Tutoring,Jen@JCAcademyMiami.com,Miami
Amigos Tutoring (Coral Gables),intl-segmenter@11.7.10,Miami
The Sunshine Method,info@thesunshinemethod.com,Miami
On Point Tutoring,opt@optutoring.com,Miami
Tutor Me Education - Miami Tutors,bootstrap@5.3.3,Miami
SoFlo SAT Tutoring,adam@soflotutors.com,Miami
Gables Tutoring,info@gablestutoring.com,Miami
Allegria Learning Center,info@allegrialearning.com,Miami
Math Tutor Miami,soyon@bellsouth.net,Miami
Target Tutoring,william@target-tutoring.com,Miami
Mathnasium,coconutgrove@mathnasium.com,Miami
Ibis Prep,intl-segmenter@11.7.10,Miami
Miami Learning Center,info@mlcprepacademy.com,Miami
Amigos Tutoring (Coral Gables),intl-segmenter@11.7.10,Miami
Amigos Tutoring Doral,amigostutoringfamilyfitness@gmail.com,Miami
Sapneil Tutoring,contact@sapneiltutoring.com,Miami
Inlighten Tutoring,success@inlightentutoring.com,Orlando
SoFlo SAT Tutoring,adam@soflotutors.com,Orlando
Magnolia Prep of Orlando,info@magnoliaprep.com,Orlando
SC Tutoring Orlando,sctutoringco@gmail.com,Orlando
Mathnasium,drphillips@mathnasium.com,Orlando
Accent Reduction & Spanish Tutoring Orlando,cindi_ashrise@yahoo.com,Orlando
Pathway Homeschooling and Tutoring Services,info@pathwayhomeschooling.com,Orlando
The Tutoring Center - Lake Nona,youremail@domain.com,Orlando
"Tutors & Co - Tutoring, SAT Prep, College Prep, College Admissions Assistance",email@example.com,Orlando
Club Z! In-Home & Online Tutoring of Southeast Orlando,bootstrap@4.6.2,Orlando
Club Z! In-Home Tutoring of Orlando,bootstrap@4.6.2,Orlando
"Five Points Learning Park Slope (SHSAT, SAT, Regents, Algebra, Geometry)",info@fivepointslearning.com,New York
Elite Ivy Tutors,amber@eliteivytutors.com,New York
Central Park Tutors,20tutors@centralparktutors.com,New York
Tutoring Service of New York,info@tutoringserviceny.com,New York
Ivy Tutors Network,info@ivytutorsnetwork.com,New York
NYC LSAT Tutor - Jon,info@lsattutor.nyc,New York
The Tutorverse,pareshshinde07@gmail.com,New York
Higher Learning Tutoring Center,higherlearningny@yahoo.com,New York
MCAT KING,info@mcatking.com,New York
"Hartman Tutoring, LLC",jesse@hartmantutoring.com,New York
GMAT Tutor NYC - Bob Chaparala,info@gmattutor.nyc,New York
Manhattan Elite Prep New York: MCAT LSAT SAT GRE GMAT TOEFL ACT,info@manhattaneliteprep.com,New York
Atlantic GMAT Tutoring,registration@atlanticgmat.com,New York
Kweller Prep Tutoring Manhattan,info@KwellerPrep.com,New York
Brighter Minds Tutoring,bmtutoring@gmail.com,Los Angeles
Los Angeles Tutors,hello@la-tutors.com,Los Angeles
LA Tutors 123,contact@latutors123.com,Los Angeles
Tutor Me Education - Los Angeles Tutors,bootstrap@5.3.3,Los Angeles
College Math and Physics Tutoring,Daniel@mathandphysicstutor.org,Los Angeles
Premiere Tutoring Los Angeles - Est. 2002,intl-segmenter@11.7.10,Los Angeles
Advantage Testing of Los Angeles,info@advantage-la.com,Los Angeles
Applied Scholastics Hollywood,info@apshollywood.org,Los Angeles
Mathnasium,hancockpark@mathnasium.com,Los Angeles
Education XYZ,info@eduxyz.us,Los Angeles
Kate's Tutoring,intl-segmenter@11.7.10,Los Angeles
LA Math Tutoring,learn@LAMathTutoring.com,Los Angeles
Guru At Home - Online Tutors from India,contact@guruathome.org,Los Angeles
Einstein Tutoring LLC,support@et1on1.com,Boston
TutoringBoston,info@tutoringboston.com,Boston
Boston Tutoring Services,bostontutoringservices@gmail.com,Boston
Tigerway Prep (SAT Prep and College Consulting),Larry@tigerwayprep.com,Boston
Boston Tutoring Center,bostontutoringcenter@rcn.com,Boston
USMLE Pro,info@usmlepro.com,Boston
Tremont Tutors,info@tremonttutors.com,Boston
Odyssey LSAT Tutoring,info@odysseytestprep.com,Boston
MyGuru - Boston,info@myguruedge.com,Boston
Superstudy Tutoring,admin@superstudyhall.com,Boston
Livius Prep - Newton,info@liviusprep.com,Boston
Manhattan Prep,info@manhattanprep.com,Boston
Zinkerz,hello@zinkerz.com,Boston
Mr. L's Tutoring and Enrichment,Admin@tutorwithmrl.com,Boston
Ringle Boston Office,pretendard@v1.3.6,Boston
Boston Private Tutors,user@domain.com.,Boston
Positive Tutors,intl-segmenter@11.7.10,phoenix
Sylvan Learning of Phoenix,sylvan0413@sylvanphoenix.com,phoenix
The Art of Learning,info@latinotype.com,phoenix
Mathnasium,arcadia@mathnasium.com,phoenix
Vogel Prep,info@vogelprep.com,phoenix
"Pimentel Academic Services, LLC",pimenteltutors@gmail.com,phoenix
Arcadia Literacy & Learning,info@arcadialiteracy.com,phoenix
Tutor Arizona,zackp@tutoremsaz.com,phoenix
Jovie of Phoenix,eastvalleyaz@jovie.com,phoenix
Tutor Doctor Phoenix,Kselchan@tutordoctor.com,phoenix
Phoenix ABC Phonetic,abcinfo@letread.com,phoenix
A+ Education Math & Science Tutoring,annarnold@a-pluseducation.com,phoenix
Club Z! In-Home & Online Tutoring Services,bootstrap@4.6.2,phoenix
Integral Tutoring LLC,integralaz@cox.net,phoenix
Thrive Tutoring Denver,hello@thrivetutoringdenver.com,Denver
Tutor Doctor Denver,Psanti@tutordoctor.com,Denver
Wash Park Tutoring,stephanie@washparktutoring.com.,Denver
Mathnasium,cherrycreek@mathnasium.com,Denver
High Performance Tutoring - Denver,lenis@1.1.16,Denver
Test Geek SAT & ACT Prep,info@testgeek.com,Denver
Matthew Fay - Denver's Math Tutor,mattfay.tutoring@gmail.com,Denver
Spark Whole Student Learning,intl-segmenter@11.7.10,Denver
"Elite Academics, Inc.",info@eliteacademics.com,Denver
The Reading Guru - Orton-Gillingham Reading and Dyslexia Tutor,info@readingguru.com,Denver
"Peak Learning Solutions Denver - Academic Coaching, Test Prep, and Tutoring",dtc@peaklearningsolutions.com,Denver
Test Geek SAT & ACT Prep Denver,info@testgeek.com,Denver
Tutor Portland,eric@tutorportland.com,Portland
Emergent Education Portland Tutoring & Test Prep,info@emergenttutoring.com,Portland
Larson Tutoring & Test Prep,larsontutoringinfo@gmail.com,Portland
"Portland Math Tutor, LLC",drew@mrLaiche.com,Portland
Math Tutor Portland Oregon,eric@tutorportland.com,Portland
Tutor Visions LLC,info@tutorvisions.com,Portland
Club Z! In-Home & Online Tutoring of Southwest Portland,vcanedo@clubztutoring.com,Portland
Tutor Doctor of Portland,cpruett@tutordoctor.com,Portland
In-Home Math Tutor Portland,eric@tutorportland.com,Portland
North Avenue Education,grow@northaveeducation.com,Portland
Stumptown Test Prep LLC,user@domain.com.,Portland
Creative Insights Tutoring,megweberconsulting@gmail.com,Portland
Tutor Portland | In-Home & Online Tutoring,eric@tutorportland.com,Portland
Mathnasium,northeastportland@mathnasium.com,Portland
Tutor Inn Pensacola,intl-segmenter@11.7.10,Pensacola
Mathnasium,pensacola@mathnasium.com,Pensacola
Rising Minds Learning,Hello@risingmindslearning.com,Pensacola
Beachside Tutoring,support@tutorbird.com,Pensacola
Max Math Tutoring,max@maxmathtutoring.com,Pensacola
Read Write Learning Center - Pensacola,mobileoffice@readwritelearningcenter.com,Pensacola
Club Z! In-Home Tutoring & Online Tutoring of Pensacola FL,bootstrap@4.6.2,Pensacola
Matthew Grace M.Ed,info@lang4life.com,Pensacola
UWF Tutoring and Learning Resources,tutoring@uwf.edu,Pensacola
Algebra to Alchemy Math and Physics Tutoring,slim-select@v2.9.0,Pensacola
Bookworm Tutors,candace@bookwormtutorsmn.com,Minneapolis
Technical Tutors LLC,info@TechnicalTutors.com,Minneapolis
Mathnasium,southwestminneapolis@mathnasium.com,Minneapolis
Tutor Doctor Southwest Minneapolis,rvpatel@tutordoctor.com,Minneapolis
"The English Tutor, LLC",rosemary84@comcast.net,Minneapolis
"Academic Tutoring & Testing, Inc.",acatutormpls@gmail.com,Minneapolis
Kay Tutoring,admin@kaytutoring.com,Minneapolis
Minnesota Reading Corps,aos@2.3.1,Minneapolis
Tutoring and Academic Success Center,UMNsuccess@umn.edu,Minneapolis
Tangerine Tutoring LLC,office@tangerinetutoringllc.com,Minneapolis
Mothers Tutoring Academy,info@mtacenter.org,Minneapolis
Homeworks For Students Inc,sarah@homeworksforstudents.com,Minneapolis
Mackler Tutoring St. Louis ACT SAT Prep,jsmarks@sbcglobal.net,St. Louis
Top Tutors For Us,info@toptutorsforus.com,St. Louis
Mathnasium,claytonladue@mathnasium.com,St. Louis
Tutoring StL,tutoringstl314@gmail.com,St. Louis
Bob Johnson Tutoring,Bob@BobJohnsonTutoring.com,St. Louis
Fit Learning St. Louis,janice@fitlearningstl.com,St. Louis
Applied Scholastics Learning Center,info@appliedstudyskills.org,St. Louis
"NCLEX Success - St Louis, MO",info@mysite.com,St. Louis
Kumon Math and Reading Center Clayton,chrang1@ikumon.com,St. Louis
Firm Foundation Tutoring West End Site,andrew@ncfstl.org,St. Louis
Tutor Doctor Central and South Charlotte,rhaneef@tutordoctor.com,charlotte
Wiz Kidz Tutoring,support@oxygenbuilder.com,charlotte
TutorLion,tutorlionofficial@gmail.com,charlotte
Teacher On The Go,info@myteacheronthego.com,charlotte
Pam's Orton Gillingham Reading Tutors,pam@pamsreading.com,charlotte
The Tutoring Link,laurel@thetutoringlink.com,charlotte
"Ramana Learning Center - University, Charlotte, NC Branch",support-00001@ramanalearningcenter.com,charlotte
I Tutor You,carolyn@itutoryou.net,charlotte
C2 Education of Charlotte,charlotte@c2education.com,charlotte
Mathnasium,myerspark@mathnasium.com,charlotte
C2 Education of Flower Mound,flower.mound@c2education.com,Flower Mound
Mathnasium,flowermound@mathnasium.com,Flower Mound
Best Brains Learning Center - Flower Mound,flowermound@bestbrains.com,Flower Mound
Gideon Math and Reading - Flower Mound,flowermound@gideonlearning.com,Flower Mound
Kumon Math and Reading Center of Flower Mound - East,agoyal@ikumon.com,Flower Mound
Elite Prep,flowermound@eliteprep.com,Flower Mound
Kumon Math and Reading Center of Highland Village,deeptireddy@ikumon.com,Flower Mound
Kumon Math and Reading Center of Lewisville - South,mareenacherian@ikumon.com,Flower Mound
Reading Ranch Argyle - Reading Tutoring,info@readingranch.com,Flower Mound
405 Tutoring,405tutoring@gmail.com,Norman
The Study Hub,normanstudyhub@gmail.com,Norman
Mathnasium,norman@mathnasium.com,Norman
Kumon Math and Reading Center of Norman,mauricio@ikumon.com,Norman
BuffTutor - University & High School Tutors - Norman,Contact@BuffTutor.com,Norman
The Princeton Review,TPRTeacherApplicantSupport@review.com,Norman
Levul Up Tutoring Services LLC,filler@godaddy.com,Norman
Class 101 Norman,scook@class101.com,Norman
OU Student Learning Center,studentlearning@ou.edu,Norman
Mrs. Audrey's Academic Achievement,mrs.audreysacademicachievement@gmail.com,Tucson
Marmalade Skies Tutoring,LearnMore@marmaladeskies.com,Tucson
STEM Excellence Tutoring,tutors@stemexcellencetutoring.com,Tucson
Tutoring Club of Tucson,contactus@tutoringclub.com,Tucson
Catalina Tutoring,catalinatutoringaz@gmail.com,Tucson
Mr.A+ Tutoring Center (East Tucson),mr.aplustutoring@gmail.com,Tucson
Mathnasium,Marana@mathnasium.com,Tucson
MindtoPen Writing and Language Coaching,mindtopencoach@gmail.com,Tucson
Doug Couchman,doug@dougcouchman.com,Tucson
"My Math Experts, Math Tutors, Math Help",kevin@mymathexperts.com,Tucson
Math Mastery Tutoring & SAT Prep,charry_stover@yahoo.com,Tucson
Tutoring by Matthew,Learning@TutoringbyMatthew.com,Tucson
Excel Academy (Tutoring Center),info@exlacademy.com,Las Vegas
Tutoring Club of North Las Vegas,northlasvegasnv@tutoringclub.com,Las Vegas
PrivateLVTutors.com - Top Math / Science / Biology / Physics / Chemistry Private Tutors in Las Vegas,info@privatelvtutors.com,Las Vegas
Tutoring Club of Rhodes Ranch,rhodesranchnv@tutoringclub.com,Las Vegas
Tutoring Club of Centennial,centennialnv@tutoringclub.com,Las Vegas
Prep Expert | SAT Classes,bootstrap@5.0.2,Las Vegas
"Club Z! In-Home & Online Tutoring of Las Vegas, NV",cmorin@clubztutoring.com,Las Vegas
Tutor Pros,Danny.tutorpros@gmail.com,Las Vegas
Math Corner,themathcornerlv@gmail.com,Las Vegas
Mathnifisense,ronnie@mathnifisense.com,Las Vegas
Vegas Tutors,vegastutorsinfo@gmail.com,Las Vegas
"Teachers Who Tutor, Led by Ms. Brittany",richeyb2@hotmail.com,Las Vegas
Mathnasium,redrock@mathnasium.com,Las Vegas
Infinity Math Institute,Infinity@TheMathInstitute.com,Las Vegas
Mathnasium,greenhaven@mathnasium.com,Sacramento
Advanced Minds Tutoring,contact@advancedmindstutoring.com,Sacramento
READ Learning Center,info@readlearningcenter.com,Sacramento
Kumon Math and Reading Center of Sacramento - South,sacsouth@ikumon.com,Sacramento
Academic Impact - Tutoring & College Counseling,info@academicimpact.net,Sacramento
Kumon Math & Reading Center of Natomas,nibhamenon@ikumon.com,Sacramento
"Best Tutors Ever, LLC",BestTutorsEver916@gmail.com,Sacramento
Sacramento Spark Homeschool Enrichment And Tutoring,micah@micahrich.com,Sacramento
Kumon Math and Reading Center of Sacramento - Greenhaven,jamesshin@ikumon.com,Sacramento
Kumon Math and Reading Center of Natomas - W El Camino,monicasidhu@ikumon.com,Sacramento
Kumon Math and Reading Center of Arden - Arcade,sungkim@ikumon.com,Sacramento
Plus Tutors,info@plustutoring.org,Tampa
Tampa Bay Tutors,eben@eyebytes.com,Tampa
Disciplined Minds Tutoring South Tampa,information.minds@gmail.com,Tampa
JIN'S MATH & SAT TUTORING CENTER,jinmathsat@gmail.com,Tampa
"Bay Academic Support, Inc",name@example.com,Tampa
Infinite Edge Learning Center,infiniteedgelearningcenter@gmail.com,Tampa
Mathnasium,newtampa@mathnasium.com,Tampa
Education 1st. Consulting,milenabbrandao@gmail.com,Tampa
Tutoring Club of Westchase (Tampa),westchasefl@tutoringclub.com,Tampa
Tampa Tutors,kaylatampatutor@gmail.com,Tampa
The Good Tutor LLC,thegoodtutor813@gmail.com,Tampa
The Tutoring Company - Tampa,zach@thetutoringwebsite.com,Tampa
Mathnasium,hydepark@mathnasium.com,Cincinnati
A+ Tutoring Test Preparation,md@aplustutoring-testprep.com,Cincinnati
Academic Learning Services,amy@academiclearning.net,Cincinnati
UC Academic Writing Center,web-vitals@2.1.0,Cincinnati
The Riley Academy,therileyacademy@gmail.com,Cincinnati
Kathy's Tutoring,kathy.merman@gmail.com,Cincinnati
Cincinnati Reading Center,info@cincinnatireadingcenter.com,Cincinnati
Tutoring Club of Katy,KatyTX@TutoringClub.com,Katy
Mathnasium,mortonranch@mathnasium.com,Katy
"Test Prep Pundits - Katy, TX - SAT/ACT/PSAT Test Prep Online",Info@testpreppundits.com,Katy
Tutoring Center in Katy - Mr. Jan's Math Class,admin@mrjansmathclass.com,Katy
Seriously Addictive Mathematics (S.A.M),info@samkaty.com,Katy
IQ Viet My KATY branch - The Professional Tutoring Center,iqvietmy@gmail.com,Katy
Solutions Education Katy,katy@sol-edu.com,Katy
C2 Education of Katy,grand.parkway@c2education.com,Katy
Kumon Math and Reading Center of Sugar Land - Town Center,sugarlandtowncenter_tx@ikumon.com,sugar land
IQ Learning | Tutoring Sugar Land,contact@iq-learning.com,sugar land
Excel Tutoring Center,excel.tutoringctr@gmail.com,sugar land
C2 Education of Sugar Land,sugar.land@c2education.com,sugar land
TutorJack Sugar Land,wght@200..700,sugar land
Mathnasium,sugarland@mathnasium.com,sugar land
Momentum Learning,info@momentumlearning.org,sugar land
AP Tutors,info@myaptutors.com,sugar land
Suprex Learning,john.white@mail.com,sugar land
Mathnasium,roundrockeast@mathnasium.com,Round Rock
Bloom Scholars Tutoring Center,epora@example.com,Round Rock
Learning with Ms. M | Tutoring Services for All Ages,msm@learningwithmsm.com,Round Rock
Kumon Math and Reading Center of Round Rock - Old Settlers,humairaimtiaz@ikumon.com,Round Rock
Bright Tutor,ridah.siddiqui@gmail.com,Round Rock
Kumon Math and Reading Center of Round Rock - Brushy Creek,roundrockwest@ikumon.com,Round Rock
Kumon Math and Reading Center of Round Rock - East,roundrockeast_tx@ikumon.com,Round Rock
Kumon Math and Reading Center of Round Rock - Teravista,indirachaitanyamoparthy@ikumon.com,Round Rock
Tutor Doctor Austin,olopez@tutordoctor.com,Round Rock
Educationist Tutoring,counterup2@2.0.2,Round Rock
Best Brains Learning Center - Round Rock,roundrock@bestbrains.com,Round Rock
SAGE Affordable Tutoring,director@sageaffordabletutoring.com,Colorado Springs
Elevate STEM Tutoring Ltd.,info@elevateSTEMtutoring.com,Colorado Springs
Mathnasium,briargate@mathnasium.com,Colorado Springs
Brain Builders Tutoring,buildingthebrain@gmail.com,Colorado Springs
Peak Reading Solutions,thespringsreadskaryn@gmail.com,Colorado Springs
Peak Tutoring,lara@peaktutoring.org,Colorado Springs
NEXT LEVEL UP Tutoring and Counseling,support@nextleveluplcc.com,Colorado Springs
Right Equation Math Tutor,rightequation@gmail.com,Colorado Springs
The Tutor - Guru,Saili.Srinivasan@gmail.com,Colorado Springs
Reading Services of Arkansas,info@readingservicesofarkansas.com,Little Rock
Gideon Math and Reading - Little Rock,gideonlittlerock@gmail.com,Little Rock
"Gilmer's Learning Solutions, LLC",grow@gilmerslearningsolutions.com,Little Rock
Mathnasium,littlerock@mathnasium.com,Little Rock
Kumon Math and Reading Center of Little Rock - West,sangeetadas@ikumon.com,Little Rock
City Year Little Rock,HQCommunications@cityyear.org,Little Rock
Educational Edge,susanjeter@comcast.net,Little Rock
iCode Little Rock,littlerock@icodeschool.com,Little Rock
Literacy Action of Central Arkansas,laca@literacyactionar.org,Little Rock
Bridge to Hope Academic Therapy and Consulting Services,drburnettbridgetohope@gmail.com,Little Rock
Apex Tuition Australia - Private Tutoring,info@apextuitionaustralia.com,Melbourne
HZ Tutoring | Premium VCE Tutoring,hello@hztutoring.com,Melbourne
My Melbourne Tutors,andrew@mymelbournetutors.com.au,Melbourne
Learnmate,hello@learnmate.com.au,Melbourne
Study with Sarah | VCE & IB Biology Tutor,sarah@studywithsarah.com.au,Melbourne
COMPLETE - VCE Physics Specialist Tutors,gsap@3.12.5,Melbourne
Fraser's GAMSAT Tuition,admin@frasersmedical.com.au,Melbourne
Lindsey's VCE Tutoring - CBD Office,lenis@1.2.3,Melbourne
ABC to VCE TUTORING POINT COOK,info@abctovce.com.au,Melbourne
The Learning Hive Academy,hello@thelearninghive.academy,Melbourne
EdAtlas (City),admin@edatlas.com.au.,Melbourne
RL EDUCATION,20enquiry@rleducation.com.au,Melbourne
Tutorx one on one tutoring,basant_gupta@thetutorx.com,Melbourne
Ezy Math Tutoring - Melbourne,info@ezymathtutoring.com.au,Melbourne
Need a Tutor,nat@needatutor.com.au,Melbourne
Mathnasium,santafe@mathnasium.com,Santa Fe
Reading Quest,readingquestcenter@gmail.com,Santa Fe
BuffTutor - University & High School Tutors - Santa Fe,mapdetailscom@gmail.com,Santa Fe
Catron Community Learning Center,director@catroncommunitylearning.com,Santa Fe
Literacy Volunteers of Santa Fe,lvsf@sfcc.edu,Santa Fe
The Tutorial School,contact@tutorialschool.org,Santa Fe
May Center For Learning,amy@maycenter.org,Santa Fe
The Small School,thesmallschoolnm@gmail.com,Santa Fe
Language Matters,claire@languagemattersnm.com,Santa Fe
Mathnasium,westmere@mathnasium.com,Albany
Albany Math Tutor x Jeff Chiu,ffrey.Chiu427@gmail.com,Albany
Prowess Test Prep,jimaddeo@gmail.com,Albany
The Wizard's Wardrobe,email@pixfort.com,Albany
Study Time Tutoring,Chelseareamer@gmail.com,Albany
"Best Brains Learning Center - Latham, NY",latham@bestbrains.com,Albany
Capital Region Tutors,support@onepagerapp.com,Albany
ABLE Enrichment - SAT Prep & College Consulting,able.enrichment@gmail.com,Albany
Big Mind Learning,info@bigmindlearning.com,Albany
Vicky Smarts Tutoring,contact@vickysmarts.com,Albany
Kumon Math and Reading Center of Delmar,delmar_ny@ikumon.com,Albany
Nexio Tutoring,support@nexiotutoring.com,Albany
Mathnasium,augusta@mathnasium.com,Augusta
CM Moore In Home Tutoring Services,cminhometutoring@gmail.com,Augusta
Guiding Path Enrichment Center,admin@guidingpathenrichment.com,Augusta
Kumon Math and Reading Center of Augusta - Martinez,reenathomas@ikumon.com,Augusta
PIA Learning Center,augusta@partnersinachievement.com,Augusta
Reading Through Times,info@readingthroughtimes.com,Augusta
Ivy League Academy,IvyLeagueAcademyLLC@gmail.com,Augusta
Tutor Doctor of Evans,awashington@tutordoctor.com,Augusta
Buddy Club,hopedetrik@gmail.com,Augusta
Evans Literacy Associates,info@evansliteracyassociates.com,Augusta
"Bryant Grant Tutoring Company, LLC",bryantgranttutoringcompany@gmail.com,Augusta
Tutors for Tally,admin@tutorsfortally.org,Tallahassee
Mathnasium,tallahassee@mathnasium.com,Tallahassee
SolutionSkills Inc,info@solutionskills.com,Tallahassee
Tutor Fish,info@tutorfish.net,Tallahassee
Kumon Math and Reading Center of Tallahassee - North,mariat@ikumon.com,Tallahassee
Kumon Math and Reading Center of Tallahassee - Southeast,dthompson@ikumon.com,Tallahassee
Midtown Learning Lab,admin@midtownlearninglab.com,Tallahassee
"OwningMath.com, LLC",Emily@OwningMath.com,Tallahassee
North Florida Learning Center,info@northfloridlearningcenter.com,Tallahassee
Coronet Classical Tutoring,lightsfocus@gmail.com,Tallahassee
Skoolers Tutoring - FSU,contact@skoolerstutoring.com,Tallahassee
Academic Doctor,zack@academicdoctor.com,Tallahassee
Florida Learning Solutions,Floridalearningsolutions@gmail.com,Tallahassee
Mathnasium,wolfchase@mathnasium.com,Memphis
Brainiac Tutoring LLC,brainiac@brainiactutoring.com,Memphis
901 Prep,example@gmail.com,Memphis
Jane Ross Tutoring,contactus@janerosstutoring.com,Memphis
New Focus Tutors,armstrongaccountingedge@yahoo.com,Memphis
Columbus Tutoring Services,info@columbustutoringservices.com,Columbus
Tutoring Club of New Albany/Gahanna,gahannaoh@tutoringclub.com,Columbus
Dr. Nega's Educational Center,drnegaeducationcenter@gmail.com,Columbus
Salisbury Tutoring Academy Ltd,staltd@vnet.net,North Carolina
"Tutoring Club of Cary/Morrisville, NC",carync@tutoringclub.com,North Carolina
Raleigh Tutoring LLC,melissa@raleightutoring.com,North Carolina
Mulligan Tutoring Services,kelly@mulliganeducation.com,North Carolina
High Country Academy,office@highcountryacademync.com,North Carolina
Love to Learn Tutor LLC,kim@lovetolearntutor.com,North Carolina
Start Right Tutoring Services LLC,support@webador.com,Raleigh
Forgione Tutoring,heather@forgionetutoring.com,Raleigh
The Burke Learning Center,registrations@theburkelearningcenter.com,Raleigh
Mathnasium,leadmine@mathnasium.com,Raleigh
Ashley Morris: Raleigh Math Tutoring,ashley@amtutors.com,Raleigh
Raleigh Wilson Reading Tutoring,christine1201@nc.rr.com,Raleigh
Raleigh Educational Coaching,Kristen@raleigheducationalcoaching.com,Raleigh
Successful Futures Tutoring Services LLC,successfulfuturesde@gmail.com,St. Petersburg
Mathnasium,stpetersburg@mathnasium.com,St. Petersburg
ALC - Advanced Learning Centers,admin@thinkalc.com,St. Petersburg
Be Smart Tutoring and School LLC,INFO@Besmarttutoringschool.co,St. Petersburg
Lee Tutoring Services,hello@leetutoring.com,St. Petersburg
Wik-Ed Math Tutoring,wiktutor@gmail.com,St. Petersburg
Expand Literacy & Dyslexia Tutoring,info@expandliteracy.com,St. Petersburg
Stats with Emma,statswithemma@gmail.com,St. Petersburg
Kumon Math and Reading Center of St. Petersburg - East,rgupta@ikumon.com,St. Petersburg
Kathleen Kasper Calculus tutoring,kgkasper@gmail.com,St. Petersburg
Falcon Focused Tutoring,falconfocusedtutoring@gmail.com,St. Petersburg
Tutor Doctor Glen Allen,tcarson@tutordoctor.com,Richmond
Tutor Doctor Richmond,pseward@tutordoctor.com,Richmond
Kumon Math and Reading Center of Richmond - Libbie,richmondlibbie_va@ikumon.com,Richmond
The Learning Space - Math & Reading Tutoring Center,thelearningspacerichmond@gmail.com,Richmond
READ: Reading Education and Development,manager@readingeducation.net,Richmond
Gideon Math and Reading - Richmond,richmond@gideoncenters.com,Richmond
Tutoring Club of Glen Allen,glenallenva@tutoringclub.com,Richmond
Sue Morgan Tutoring,suemorgantutor@gmail.com,Richmond
Kumon Math and Reading Center of Richmond - Aliana,richmondaliana_tx@ikumon.com,Richmond
Kumon Math and Reading Center of Richmond - Regency,richmondregency_va@ikumon.com,Richmond
Mathnasium,aliana@mathnasium.com,Richmond
Certified Scholars Educational Services,certifiedscholars@gmail.com,Richmond
GiftEd Philly Tutoring,giftedphilly@gmail.com,Philadelphia
Growth Learning Tutoring Services,leaflet@1.9.4,Philadelphia
Take Action Tutoring Company LLC,u002Fa8d71e6acf7a4a609f7c96cced259391@o13855.ingest.sentry.io,Philadelphia
One On One Tutoring Services,info@oneononetutoring.com,Philadelphia
Philly Tutors,learnmore@phillytutors.com,Philadelphia
TEACH LLC,info@teacheachstudent.com,Philadelphia
Kumon Math and Reading Center of Philadelphia - Center City West,philadelphiacentercitywest_pa@ikumon.com,Philadelphia
Mathnasium of Center City,centercity@mathnasium.com,Philadelphia
Mindful Tutors,info@mindfultutors.com,Philadelphia
The Lyceum Institute,sberger@thelyceumins.com,Philadelphia
Victoria Urban Outreach Tutoring Service,wweeiihhuuaanngg@gmail.com,Philadelphia
Tutor Doctor Main Line,jford@tutordoctor.com,Philadelphia
A+ Test Prep and Tutoring,office@aplustutoring.com,Philadelphia
NYC Top Tutors,nyctoptutors@gmail.com,Manhattan
Manhattan Review,info@manhattanreview.com,Manhattan
The Study Shack,janie@thestudyshack.com,Manhattan
Tutors Sky,tutorsskyteam@gmail.com,Manhattan
Professional Exam Tutoring,jim@professionalexamtutoring.com,Manhattan
In Home Tutors Atlanta,info@inhometutors.com,Atlanta
Northside Tutoring,robert@northsidetutoring.com,Atlanta
IntellaTutor,info@intellatutor.com,Atlanta
Inman Tutors,matt@inmantutors.com,Atlanta
Math N' More,info@mathnmore.org,Atlanta
East Cobb Tutoring Center,allison@eastcobbtutoringcenter.com,Atlanta
The Math Tutor Network,tutoring@themathtutornetwork.com,Atlanta
Blackmon Tutoring,Blackmontutoring@gmail.com,Atlanta
Elite Traveling Tutors LLC,info@elitetravelingtutors.com,Atlanta
Beth Bristow Tutorial Services,schedule@bethbristow.com,Atlanta
Edison Prep,edison@edisonprep.com,Atlanta
"Hammond Bell Educational Services, LLC",lauren@hammondbell.com,Atlanta
MASTERS Plus Tutoring and Test Prep Program -,hiring@mptutors.com,Atlanta
Strive Academics,contact@striveacademics.com,Atlanta
Tutoring Club of Hilliard,hilliardoh@tutoringclub.com,Columbus
BWS Education Consulting,tutor@bwseducationconsulting.com,Columbus
The Princeton Review,infocol@review.com,Columbus
Meryl's Magic Math Tutoring,merylsmagicmath@gmail.com,Columbus
Mathnasium,castlehills@mathnasium.com,<user-specified city>
Charanya’s Math,charanya@mathtutordallas.com,<user-specified city>
C2 Education of Carrollton,carrollton@c2education.com,<user-specified city>
c2carrollton,carrollton1@c2carrollton.com,<user-specified city>
Star Tutoring Centers,info@startutoringcenters.com,<user-specified city>
True Education of Coppell,Coppell@trueeducation.com,<user-specified city>
Gideon Math and Reading - Coppell,wendy@gideoncenters.com,<user-specified city>
TutorTeddy,help@tutorteddy.com.,<user-specified city>
Ivy Academy Tutor,ivyacademytutor@gmail.com,<user-specified city>
Thorup Tutoring Co,nancy@thoruptutoring.com,salt lake city
Mathnasium,sugarhouse@mathnasium.com,salt lake city
The Tutoring Toy,askusquestions@tutoringtoy.com,salt lake city
Kumon Math and Reading Center of Foothill Village,prabhanagenthram@ikumon.com,salt lake city
Project Read Utah,info@projectreadutah.org,salt lake city
Beautiful Mind Tutoring,michelelchisholm@yahoo.com,salt lake city
A+ Tutoring,slcutsg@gmail.com,salt lake city
Jackie's Classroom Tutoring,talktojackie@jackiesclassroom.com,salt lake city
Student Loan Tutor,zazeez@studentloantutor.com,salt lake city
Personalized Tutoring,personalizedtutoringutah@gmail.com,salt lake city
Tutoring In An Instant,20tutoringinaninstant@gmail.com,salt lake city
"Wasatch Tutors (Sandy, UT)",info@WasatchTutors.com,salt lake city
KM Academics,info@KMAcademics.com,Dallas
MathIntensity,candace@mathintensity.com,Dallas
Slingshot Prep,prepme@slingshotprep.com,Dallas
C2 Education of Preston Hollow,preston.hollow@c2education.com,Dallas
More Than A Teacher,questions@mtatdfw.com,Dallas
Tutor Revolution LLC,tutor.revolution@gmail.com,Dallas
Kumon Math and Reading Center of Dallas Bent Tree,williamcarlisle@ikumon.com,Dallas
Mathnasium,corpuschristi@mathnasium.com,Corpus Christi
Kumon Math and Reading Center of Corpus Christi,leitan@ikumon.com,Corpus Christi
"The Home School Academy & Private Tutoring, LLC",thehomeschoolacademy1@gmail.com,Corpus Christi
Dynamic Learning Opportunities,jkratzig@hotmail.com,Corpus Christi
Reflex Ready Kids,reflexreadykids@gmail.com,Corpus Christi
Education Service Center-Region 2,rsuresh@the-cei.org,Corpus Christi
Communication Disorders-Academic Therapy,your@email.com,Corpus Christi
Corpus Christi Literacy,info@ccliteracy.org,Corpus Christi
HABLAMOS,info@hablamostx.com,Corpus Christi
Math Around The Corner,carol@matharoundthecorner.com,Fort Worth
Tutoring Club of Fort Worth,fortworthtx@tutoringclub.com,Fort Worth
Mathnasium,ftworthwest@mathnasium.com,Fort Worth
A+ Skills Tutoring,management@aplusskills.net,Fort Worth
Gideon Math and Reading - South Ft. Worth,southftworth@gideoncenters.com,Fort Worth
Gideon Math and Reading - Keller/Fort Worth,keller@gideoncenters.com,Fort Worth
Kids with Class KC,amkryukov@gmail.com,Kansas City
Fit Learning KC,becky@fitlearningkc.com,Kansas City
Help Tutoring & School Services,beauhaze@gmail.com,Kansas City
Educational Therapy Center,info@etctutoring.org,Kansas City
Get Smarter Prep,enrollment@getsmarterprep.com,Kansas City
Learning Club,lswan@learningclubkck.org,Kansas City
UMKC Academic Support and Mentoring,asm@umkc.edu,Kansas City
Mathnasium,parkville@mathnasium.com,Kansas City
Tutoring +,cmjsgeisel@aol.ocm,Kansas City
Literacy KC,info@literacykc.org,Kansas City
Each One Teach One Learning Center,react@18.2.0,Kansas City
Tutor Doctor Blue Valley,bscheer@tutordoctor.com,Kansas City
In Home Tutor Services,customerservice@syssupport.net,Milwaukee
BACK TO THE BASICS TUTORING,Info@backtothebasicstutoring.org,Milwaukee
Mathnasium,wauwatosa@mathnasium.com,Milwaukee
YOUnique Minds Tutoring,youniqueminds@gmail.com,Milwaukee
Tutor Faith,support@onlinehomeworkmarket.com,Milwaukee
Wisconsin Reading Corps,eric.hoffman@ampact.us,Milwaukee
Tutoring With Tityana,yannaa19@icloud.com,Milwaukee
"ROYAL LITERARY GROUP, LLC",admin@royalliterarygroup.com,Milwaukee
Literacy Services of Wisconsin,info@literacyservices.org,Milwaukee
Thomas the Tutor,itutormke@gmail.com,Milwaukee
Muse Tutoring,Katrinamuse51@gmail.com,Milwaukee
WRTP | BIG STEP,milwaukee@wrtp.org,Milwaukee
Mappa Mundi Academy,info@mappa-mundi.com,Milwaukee
Milwaukee Math & Science Academy,info@mmsacademy.org,Milwaukee
Gateway to Knowledge Learning Center,emily@thegatewayllc.com,Milwaukee
Mathnasium,savannah@mathnasium.com,Savannah
Reid's Personal Tutoring Service,james@reidstutoring.com,Savannah
Savannah Educational Consultants,info@savannaheducationalconsultants.com,Savannah
Educate Savannah Inc.,impallari@gmail.com,Savannah
Grace Christian Academy,info@gcasavannah.org,Savannah
Kumon Math and Reading Center of Pooler,janesecooper@ikumon.com,Savannah
Advanced Academics Academy,AAAPreschool@gmail.com,Savannah
Allied Learning Center,ALC@alliedlearningcenter.com,Savannah
Mathnasium,omahawest@mathnasium.com,Omaha
Great Thinkers Learning Academy,greatthinkerslearningacademy@gmail.com.,Omaha
GetGoodGpa,contact@getgoodgpa.com,Omaha
Kumon Math and Reading Center of Omaha - Northwest,omahanorthwest_ne@ikumon.com,Omaha
Best Brains Learning Center - Omaha,omaha@bestbrains.com,Omaha
Spanish Chat Company,Julie@MyChatCompany.com,Omaha
"Aim High Test Prep, Co.",info@aimhightestprep.com,Omaha
Great Thinkers Learning Academy,greatthinkerslearningacademy@gmail.com,Omaha
Mathnasium,waco@mathnasium.com,Waco
Kumon Math and Reading Center of Waco,carolpaull@ikumon.com,Waco
Class 101 Waco,mwilliams@class101.com,Waco
Mathnasium of Deer Creek,deercreek@mathnasium.com,Oklahoma City
Edmond Learning Academy,hello@edmondlearningacademy.com,Oklahoma City
"A+ Tutoring, Inc.",aplustutorcenter@aplustutorflorida.com,Daytona Beach
My Graduate Tutor,tutor@mygraduatetutor.com,Daytona Beach
Academic Oasis,jackie@academicoasis.net,Daytona Beach
Mind Over Legal Matter,mindoverlegalmatter@gmail.com,Daytona Beach
Modern Minds Learning,stevewaterman@modernmindslearning.com,Daytona Beach
Volusia Literacy Council,Kris.sternberg@gmail.com,Daytona Beach
"Daytona State College Academic Support Center Bldg. 500, First Floor",asc@daytonastate.edu,Daytona Beach
Practice makes Progress Academic Tutoring,msbarrettsped@gmail.com,Charleston
Capabilities,valerie.momentum@capabilitiesllc.com,Charleston
Mathnasium,charleston@mathnasium.com,Charleston
TR Tutoring Solutions,TRTutoringSolutions@gmail.com,Charleston
"Beacon Learning, LLC",admin@beacon-learning.info,Charleston
"The Math Tutor, LLC",info@themathtutor.net,Charleston
"T & T Tutor World, Inc.",cacfp@tandttutorworld.org,Charleston
Jantzi Test Prep,timjantzi@4satprep.com,Charleston
"Lowcountry Academic Consulting, LLC",info@LowcountryAcademicConsulting.com,Charleston
New York Math Tutoring,kwmathtutoring@gmail.com,New York
Private Prep New York City,nyc@privateprep.com,New York
Medlearnity - Medical Education & Tutoring,support@medlearnity.com,New York
"Kenny Tan Test Prep: SHSAT, ISEE, SSAT, HSPT, SAT, ACT Tutor",kenny@kennytan.nyc,New York
Tutoring Club of League City,friendswoodtx@tutoringclub.com,Galveston
Mathnasium,southshore@mathnasium.com,Galveston
Tutor Doctor Indianapolis,jdolan@tutordoctor.com,Indianapolis
Bilingual Bridges,hello@bilingualbridges.com,Indianapolis
B & R Tutoring,info@brtutor.com,Indianapolis
Proficiency Builders/College Tutors of Indiana,learn@proficiencybuilders.com,Indianapolis
Moxey Test Prep,moxeytestprep@gmail.com,Indianapolis
Club Z In-Home Tutoring of Indianapolis,sschilling@clubztutoring.com,Indianapolis
Mathnasium,nora@mathnasium.com,Indianapolis
Reach for the Stars Tutoring,reachforthestarstutoringindy@gmail.com,Indianapolis
Kumon Math and Reading Center of Southport,southport_in@ikumon.com,Indianapolis
Kumon Math and Reading Center of Carrollton - Northwest,darshanapatel@ikumon.com,Mobile
The ACT Mathematician,jmcclellan1024@gmail.com,Mobile
Michael Jordan College Prep,info@mjprep.com,Mobile
Smart Math Tutoring,info@smartmathtutoring.com,Mobile
Archimedes Educational Services,info@ArchimedesEducationalServices.org,Mobile
Porter Tutoring,scheduling@portertutoring.com,Arlington
Priceless Education,pricelesseducation@outlook.com,Arlington
Mathnasium,southarlington@mathnasium.com,Arlington
Hope Tutoring Center,admin@hopetutoring.org,Arlington
Kumon Math and Reading Center of Arlington - Southeast,arlingtonsoutheast_tx@ikumon.com,Arlington
Brighter Life Solutions,brighterlifesolutionsllc@gmail.com,Arlington
Kumon Math and Reading Center of Arlington - North,cyrusjameh@ikumon.com,Arlington
ProLearning,info@prolearningservices.com,Arlington
Tutoring Club of Jacksonville,jacksonvillefl@tutoringclub.com,Jacksonville
The Jax Tutor,Info@thejaxtutor.com,Jacksonville
Mathnasium,beachblvd@mathnasium.com,Jacksonville
Soar High Tutoring Jacksonville FL,js.soarhightutoring@gmail.com,Jacksonville
Tutoring Club St. Johns,stjohnsfl@tutoringclub.com,Jacksonville
Tutoring Club of Hodges,HodgesFL@TutoringClub.com,Jacksonville
Jacksonville -Tutoring Specialists LLC,dyslexiajax@gmail.com,Jacksonville
The HUB @ Kings Road LLC,cottd@thehub54.com,Jacksonville
"Mrs. Tracy's Tutoring Services, LLC",lapetite730@mrstracystutoringservices.com,Jacksonville
Tutor Doctor,tlien@tutordoctor.com,San Diego
Tutoring Club,sandiegoca@tutoringclub.com,San Diego
1502 Tutoring,Obtutoringservice@gmail.com,San Diego
Hammer Prep,info@hammerprep.com,San Diego
Mathnasium,missiongorge@mathnasium.com,San Diego
ML Tutoring,info@MLtutoring.com,San Diego
Mathnasium of Point Loma – Located in Liberty Station,pointloma@mathnasium.com,San Diego
San Diego Learning Center,sdlearningcenter@gmail.com,San Diego
A+ Review,APlussdsu@gmail.com,San Diego
San Diego Tutors,sandiegotutors@aol.com,San Diego
Ramatu Math Tutoring,ramatu.sandiego@gmail.com,San Diego
Club Xcite,contact@exciteway.com,San Diego
Momentum Tutoring,momentumcomm1@gmail.com,San Diego
Mathnasium,mesanorth@mathnasium.com,Mesa
Tutor Doctor Gateway & East Mesa,brohr@tutordoctor.com,Mesa
Tutoring Club of Gilbert,gilbertaz@tutoringclub.com,Mesa
Mr. Pre-Algebra,info@mrprealgebra.com,Mesa
Kumon Math and Reading Center of Mesa - Superstition Springs,kathyleano@ikumon.com,Mesa
Epsilon Math and Science Tutoring Center,epsilon@mstcchandler.com,Mesa
Tutoringisus,info@tutoringisus.net,Redwood City
Mathnasium,redwoodcity@mathnasium.com,Redwood City
JEI Learning Center,redwoodshores@jeilearning.com,Redwood City
AJ Tutoring,info@ajtutoring.com,Redwood City
One-To-One Tutoring Service,121tutoring@coastside.net,Redwood City
Project Read-Redwood City,rclread@redwoodcity.org,Redwood City
Kumon Math and Reading Center of Redwood City,lihueiwei@ikumon.com,Redwood City
Healthy Cities Tutoring,emily@healthycitiestutoring.org,Redwood City
Touchstone Learning,info@touchstonelearning.org,Redwood City
Lyon Learning & Tutoring,clarise@lyonlearning.com,Redwood City
QWERTY Education Services,info@qwertyed.com,Redwood City
Teach Them To Thrive LLC,tara@teachthemtothrive.com,Redwood City
Bay Area Learning Partners,info@bayarealearningpartners.com,Redwood City
Matt Lazar: Mathematics/Computer Science Tutor,Matt@ExpertMathematicsTutoring.com,Redwood City
W.E.B. DuBois Learning Center,contactus@duboislc.org,Kansas City
Advanced Care Academy,astigma@astigmatic.com,Kansas City
Pathway Prep,info@pathwayprepkc.com,Kansas City
Ace Cookie Tutoring,Jessyka@AceCookieTutoring.com,Kansas City
LexiAbility,info@readkc.com,Kansas City
The Princeton Review,PressOffice@review.com,Raleigh
Mathnasium,southvirginiabeach@mathnasium.com,Virginia Beach
Tidewater Learning Center,nmayo@tlcvb.com,Virginia Beach
Kumon Math and Reading Center of Virginia Beach - Kempsville,nicolemartinbaker@ikumon.com,Virginia Beach
F.O.C.U.S and Beyond Tutoring Services LLC,Fosteringbeyond@gmail.com,Virginia Beach
Kumon Math and Reading Center of Virginia Beach - Haygood,virginiabeachhaygood_va@ikumon.com,Virginia Beach
Tutor A Team,info@tutorAteam.com,Virginia Beach
Kumon Math and Reading Center of Virginia Beach - Red Mill,virginiabeachredmill_va@ikumon.com,Virginia Beach
Chris Trudeau SAT Prep-Norfolk Academy,info@trudeauprep.com,Virginia Beach
GradePower Learning Chesapeake,chesapeake@gradepowerlearing.com.,Virginia Beach
Study Smarter,info@studysmarter.com,Oakland
Mathnasium,rockridge@mathnasium.com,Oakland
Aspire Education,info@aspireeducation.org,Oakland
Strategies For Learning,info@strategiesforlearning.com,Oakland
Chronos Prep,info@chronosprep.com,Oakland
Kumon Math and Reading Center of Oakland - Piedmont,letminan@ikumon.com,Oakland
Turning Point Educational Services,carolynmcvickaredwards@gmail.com,Oakland
Firefly Tutors,info@fireflytutors.com,Oakland
Professor Ha Tutoring Center,ProfessorHaTutoring@gmail.com,Oakland
21st Century LEARNING,samprestianni@gmail.com,Oakland
Tutoring Club of Bakersfield,bakersfieldca@tutoringclub.com,Bakersfield
Kern Tutoring,KernTutoring@gmail.com,Bakersfield
Mathnasium,bakersfieldsw@mathnasium.com,Bakersfield
Bakersfield College Writing Center,writingcenter@bakersfieldcollege.edu,Bakersfield
Kumon Math and Reading Center of Bakersfield - Brimhall,drlakhani@ikumon.com,Bakersfield
K & B Tutoring,achievement@kandbtutoring.com,Bakersfield
Higher Scores Test Prep,hello@higherscorestestprep.com,Bakersfield
Kern Literacy Council,info@kernliteracy.org,Bakersfield
Kumon Math and Reading Center of Bakersfield - Riverlakes,bakersfieldriverlakes_ca@ikumon.com,Bakersfield
Kumon Math and Reading Center of Bakersfield - Seven Oaks,snehal@ikumon.com,Bakersfield
Writing Resource Center,wrc@csub.edu,Bakersfield
"Rising Stars Tutoring, LLC",RisingStarsTutoring1@gmail.com,Huntsville
The Learning Team—Grove Academy,tutoring@golearningteam.com,Huntsville
"Baker's Learning Kitchen, LLC",info@bakerslearningkitchen.com,Huntsville
Mathnasium,Huntsville@Mathnasium.com,Huntsville
nGenius Prep,support@ngeniusprep.com,Huntsville
"Rocket City Learning Center ( Math, ELA, ACT, SAT ) ( On-line classes Only)",info@yoursite.com,Huntsville
A Professional Online Tutoring and Academic Writing Service Platform,support@essayforall.org,Huntsville
Educational Solutions with Dr. Tammy Walker,wecanhelp@educationalsolutions.net,Huntsville
That Tutoring Company,info@tutoringcompany.net,Huntsville
Kumon Math and Reading Center of Huntsville - Southeast,varalakshmibobba@ikumon.com,Huntsville
Responsive Education Solutions,leaflet@1.7.1,Huntsville
Mathnasium,chandler@mathnasium.com,Chandler
Best Brains Learning Center - Chandler,chandler@bestbrains.com,Chandler
Kumon Math and Reading Center of Chandler - Chandler Heights Marketplace,palwashaaaftab@ikumon.com,Chandler
The Dyslexic Group,customercare@dyslexicgroup.com,Chandler
"ALOHA, Mind Math Chandler, Tutoring Chandler AZ, After School Enrichment Programs Chandler",chandler@aloha-usa.com,Chandler
Best Brains Learning Center - Chandler Gilbert Rd.,gilbertroad@bestbrains.com,Chandler
Kumon Math and Reading Center of Chandler - Ocotillo,chandlerocotillo_az@ikumon.com,Chandler
Scottsdale Education Center,admin@sectutoring.com,Scottsdale
Peak Academics,krista@peakacademics.org,Scottsdale
Mathnasium,scottsdale@mathnasium.com,Scottsdale
"My Math Experts, Math Tutors, Math Help",info@mymathexperts.com,Scottsdale
STEM Tutor Scottsdale,stemtutorscottsdale@gmail.com,Scottsdale
The Math Lab,info@themathlabaz.wpenginepowered.com,Scottsdale
Best Brains Learning Center - Scottsdale North,scottsdalenorth@bestbrains.com,Scottsdale
Rhythm Tutoring,trey@rhythmtutors.com,Scottsdale
Focus Tutors,tina@focustutorsaz.com,Scottsdale
Carefree Tutoring,carefreegary@gmail.com,Scottsdale
Math Crazy Tutoring Fresno,mathcrazytutoring@gmail.com,Fresno
Tutoring Club of Fresno,FresnoCA@TutoringClub.com,Fresno
Mathnasium,northfresno@mathnasium.com,Fresno
Cullinan Education Center,info@cullinaned.com,Fresno
Kumon Math and Reading Center of Fresno - Bullard,arshdeepkaur@ikumon.com,Fresno
Kumon Math and Reading Center of Fresno - Herndon Place,simratbains@ikumon.com,Fresno
Tutoring Club of Clovis,clovisca@tutoringclub.com,Fresno
Eurgubian Academic Center Inc,learn@eurgubianacademics.com,Fresno
Studentnest.Com,support@studentnest.com,Fresno
Kumon Math and Reading Center of Fresno - North,anarain@ikumon.com,Fresno
College Planning and Tutorial Center - Design your Blueprint4College,collegeplanningtutorialcenter@gmail.com,Fresno
Tutorial Center,fccwebmaster@fresnocitycollege.edu,Fresno
Club Z! In-Home Tutoring of Tacoma,emcdougall@clubztutoring.com,Tacoma
Mathnasium,tacoma@mathnasium.com,Tacoma
DS Learning Center,dslearningcenter@gmail.com,Tacoma
Kumon Math and Reading Center of Tacoma - North End,carolirish@ikumon.com,Tacoma
Kumon Math and Reading Center of Tacoma - University Place,mandimcgee@ikumon.com,Tacoma
ARK Institute of Learning,admin@arkinst.org,Tacoma
Mathnasium,madisonwest@mathnasium.com,Madison
The Prep Center,theprepcenter@gmail.com,Madison
Galin Education,info@galined.com,Madison
Greater University Tutoring Service (GUTS),guts@rso.wisc.edu,Madison
Raise the Grade Tutoring,info@raisethegradetutoring.com,Madison
"Madison Tutoring, LLC",info@madisontutoring.com,Madison
Best Brains Learning Center - Madison,madison@bestbrains.com,Madison
United Tutoring Network,unitedtutoringnetwork@google.com,Madison
Kaplan,customer.care@kaplan.com,Madison
Children's Dyslexia Center - Madison,madison@cdcinc.org,Madison
Omega School,ezi@litnetwork.org,Madison
Mathnasium,jerseycity@mathnasium.com,Jersey City
StudyCompleteK12,studycompleteK12@gmail.com,Jersey City
Sylvan Learning of Jersey City,jerseycity.nj@sylvanlearning.com.,Jersey City
MK's Learning Center,mkslearningcenter@gmail.com,Jersey City
Kumon Math and Reading Center of Jersey City - Heights,jerseycityheights_nj@ikumon.com,Jersey City
JEI Learning Center,jerseycity@jeilearning.com,Jersey City
Kumon Math and Reading Center of Jersey City - Downtown,jerseycitydowntown_nj@ikumon.com,Jersey City
AlphaMinds Academy,info@alphamindsacademy.com,Jersey City
Kumon Math and Reading Center of Jersey City - Journal Square,jerseycity_jsq@ikumon.com,Jersey City
"Esoteric Academic Solutions,LLC",info@e-academicsolutions.com,Jersey City
A Grade Ahead of Hoboken,centralohio@agradeahead.com,Jersey City
Fit Learning,drkendra@fitlearners.com,Reno
Mathnasium,northwestreno@mathnasium.com,Reno
Rise And Shine College Coaching,teresashappell@gmail.com,Reno
Best in Class Education Center,reno@bestinclasseducation.com,Reno
Math Tutor Reno,Jon.Marshall@MathTutorReno.com,Reno
Beyond Dyslexia Nevada - Tutoring,Darcy@BeyondDyslexiaNV.com,Reno
Kumon Math and Reading Center of Reno - South,sonalpatel@ikumon.com,Reno
Jovie of Reno,renonv@jovie.com,Reno
Dynamic Dyslexia Tutoring,michelle@dynamicdyslexiatutoring.com,Reno
Playful Pursuits,info@playfulpursuits.com,Reno
Kumon Math and Reading Center of Reno - Mayberry Landing,kayko@ikumon.com,Reno
"Sylvan Learning of Springfield, MO",kristen.sylvan700@gmail.com,Springfield
Mathnasium,springfield@mathnasium.com,Springfield
C2 Education of Coppell,coppell@c2education.com,Dallas
Huntington Learning Center Coppell,CoppellTX@hlcmail.com,Dallas
